<resourceDescriptor critical="false" date="2016-01-26-19:12" description="IMCE Profiles &amp; Libraries" group="IMCE Resource" homePage="https://github.jpl.nasa.gov/imce/imce.qvto.profileGenerator" id="74997" mdVersionMax="higher" mdVersionMin="18.0" name="IMCEProfiles" product="IMCEP rofiles And Libraries" restartMagicdraw="false" type="Profile">
                <version human="1.11" internal="1.11" resource="1.110"/>
                <provider email="nicolas.f.rouquette@jpl.nasa.gov" homePage="https://github.jpl.nasa.gov/imce" name="IMCE"/>
                <edition>Reader</edition>
                <edition>Community</edition>
                <edition>Standard</edition>
                <edition>Professional Java</edition>
                <edition>Professional C++</edition>
                <edition>Professional C#</edition>
                <edition>Professional ArcStyler</edition>
                <edition>Professional EFFS ArcStyler</edition>
                <edition>OptimalJ</edition>
                <edition>Professional</edition>
                <edition>Architect</edition>
                <edition>Enterprise</edition>
                <installation>
                  <file from="modelLibraries/IMCE/IMCE.DC.mdzip" to="modelLibraries/IMCE/IMCE.DC.mdzip"/>
                  <file from="modelLibraries/IMCE/IMCE.DI.mdzip" to="modelLibraries/IMCE/IMCE.DI.mdzip"/>
                  <file from="modelLibraries/IMCE/IMCE.IEC80000-13 Information Science and Technology.mdzip" to="modelLibraries/IMCE/IMCE.IEC80000-13 Information Science and Technology.mdzip"/>
                  <file from="modelLibraries/IMCE/IMCE.IEC80000-6 Electromagnetism.mdzip" to="modelLibraries/IMCE/IMCE.IEC80000-6 Electromagnetism.mdzip"/>
                  <file from="modelLibraries/IMCE/IMCE.ISO-80000-All.mdzip" to="modelLibraries/IMCE/IMCE.ISO-80000-All.mdzip"/>
                  <file from="modelLibraries/IMCE/IMCE.ISO80000-1 General.mdzip" to="modelLibraries/IMCE/IMCE.ISO80000-1 General.mdzip"/>
                  <file from="modelLibraries/IMCE/IMCE.ISO80000-10 Atomic and Nuclear Physics.mdzip" to="modelLibraries/IMCE/IMCE.ISO80000-10 Atomic and Nuclear Physics.mdzip"/>
                  <file from="modelLibraries/IMCE/IMCE.ISO80000-3 Space and Time.mdzip" to="modelLibraries/IMCE/IMCE.ISO80000-3 Space and Time.mdzip"/>
                  <file from="modelLibraries/IMCE/IMCE.ISO80000-4 Mechanics.mdzip" to="modelLibraries/IMCE/IMCE.ISO80000-4 Mechanics.mdzip"/>
                  <file from="modelLibraries/IMCE/IMCE.ISO80000-5 Thermodynamics.mdzip" to="modelLibraries/IMCE/IMCE.ISO80000-5 Thermodynamics.mdzip"/>
                  <file from="modelLibraries/IMCE/IMCE.ISO80000-7 Light.mdzip" to="modelLibraries/IMCE/IMCE.ISO80000-7 Light.mdzip"/>
                  <file from="modelLibraries/IMCE/IMCE.ISO80000-9 Physical Chemistry and Molecular Physics.mdzip" to="modelLibraries/IMCE/IMCE.ISO80000-9 Physical Chemistry and Molecular Physics.mdzip"/>
                  <file from="modelLibraries/IMCE/IMCE.SysMLDI.mdzip" to="modelLibraries/IMCE/IMCE.SysMLDI.mdzip"/>
                  <file from="modelLibraries/IMCE/IMCE.UML2.5.mdzip" to="modelLibraries/IMCE/IMCE.UML2.5.mdzip"/>
                  <file from="modelLibraries/IMCE/IMCE.UMLDI.mdzip" to="modelLibraries/IMCE/IMCE.UMLDI.mdzip"/>
                  <file from="modelLibraries/IMM/XMLSchema Metamodel.mdzip" to="modelLibraries/IMM/XMLSchema Metamodel.mdzip"/>
                  <file from="profiles/IMCE/IMCE.BlockSpecificTypeModelingAndAnalysis.mdzip" to="profiles/IMCE/IMCE.BlockSpecificTypeModelingAndAnalysis.mdzip"/>
                  <file from="profiles/IMCE/IMCE.owl2-mof2.mdzip" to="profiles/IMCE/IMCE.owl2-mof2.mdzip"/>
                  <file from="profiles/IMCE/QVTOValidation.mdzip" to="profiles/IMCE/QVTOValidation.mdzip"/>
                  <file from="profiles/IMCEOntologyBundles/imce.jpl.nasa.gov/foundation/project/project-bundle.mdzip" to="profiles/IMCEOntologyBundles/imce.jpl.nasa.gov/foundation/project/project-bundle.mdzip"/>
                  <file from="profiles/IMCEOntologyBundles/imce.jpl.nasa.gov/www.omg.org/spec/SysML/20140311/Metrology-bundle.mdzip" to="profiles/IMCEOntologyBundles/imce.jpl.nasa.gov/www.omg.org/spec/SysML/20140311/Metrology-bundle.mdzip"/>
                </installation>
              </resourceDescriptor>